{
    "BV1tM411B7NA": {
        "formats": [
            "高清 1080P avc1.640032 (dash-flv-AVC)",
            "高清 1080P hev1.1.6.L150.90 (dash-flv-HEVC)",
            "高清 720P avc1.640028 (dash-flv720-AVC)",
            "高清 1080P av01.0.08M.08.0.110.01.01.01.0 (dash-flv-AV1)",
            "清晰 480P avc1.64001F (dash-flv480-AVC)",
            "高清 720P av01.0.08M.08.0.110.01.01.01.0 (dash-flv720-AV1)",
            "高清 720P hev1.1.6.L120.90 (dash-flv720-HEVC)",
            "清晰 480P av01.0.08M.08.0.110.01.01.01.0 (dash-flv480-AV1)",
            "清晰 480P hev1.1.6.L120.90 (dash-flv480-HEVC)",
            "流畅 360P avc1.64001E (dash-flv360-AVC)",
            "流畅 360P av01.0.08M.08.0.110.01.01.01.0 (dash-flv360-AV1)",
            "流畅 360P hev1.1.6.L120.90 (dash-flv360-HEVC)"
        ],
        "time": 1744014305.8491604
    },
    "BV1AcNpegEt1": {
        "formats": [
            "高清 1080P avc1.640032 (dash-flv-AVC)",
            "高清 1080P hev1.1.6.L150.90 (dash-flv-HEVC)",
            "高清 720P avc1.640028 (dash-flv720-AVC)",
            "高清 1080P av01.0.00M.10.0.110.01.01.01.0 (dash-flv-AV1)",
            "清晰 480P avc1.64001F (dash-flv480-AVC)",
            "高清 720P hev1.1.6.L120.90 (dash-flv720-HEVC)",
            "高清 720P av01.0.00M.10.0.110.01.01.01.0 (dash-flv720-AV1)",
            "清晰 480P hev1.1.6.L120.90 (dash-flv480-HEVC)",
            "清晰 480P av01.0.00M.10.0.110.01.01.01.0 (dash-flv480-AV1)",
            "流畅 360P avc1.64001E (dash-flv360-AVC)",
            "流畅 360P av01.0.00M.10.0.110.01.01.01.0 (dash-flv360-AV1)",
            "流畅 360P hev1.1.6.L120.90 (dash-flv360-HEVC)"
        ],
        "time": 1744014311.793298
    },
    "BV1X341177zi": {
        "formats": [
            "高清 1080P avc1.640032 (dash-flv-AVC)",
            "高清 1080P hev1.1.6.L150.90 (dash-flv-HEVC)",
            "高清 720P avc1.640028 (dash-flv720-AVC)",
            "高清 1080P av01.0.08M.08.0.110.01.01.01.0 (dash-flv-AV1)",
            "高清 720P av01.0.05M.08.0.110.01.01.01.0 (dash-flv720-AV1)",
            "高清 720P hev1.1.6.L120.90 (dash-flv720-HEVC)",
            "清晰 480P avc1.64001F (dash-flv480-AVC)",
            "清晰 480P hev1.1.6.L120.90 (dash-flv480-HEVC)",
            "清晰 480P av01.0.04M.08.0.110.01.01.01.0 (dash-flv480-AV1)",
            "流畅 360P hev1.1.6.L120.90 (dash-flv360-HEVC)",
            "流畅 360P avc1.64001E (dash-flv360-AVC)",
            "流畅 360P av01.0.01M.08.0.110.01.01.01.0 (dash-flv360-AV1)"
        ],
        "time": 1744014318.9654393
    },
    "BV1pu4y1N7KM": {
        "formats": [
            "高清 1080P avc1.640033 (dash-flv-AVC)",
            "高清 720P avc1.640033 (dash-flv720-AVC)",
            "高清 1080P hev1.1.6.L150.90 (dash-flv-HEVC)",
            "清晰 480P avc1.640033 (dash-flv480-AVC)",
            "高清 1080P av01.0.00M.10.0.110.01.01.01.0 (dash-flv-AV1)",
            "高清 720P hev1.1.6.L120.90 (dash-flv720-HEVC)",
            "高清 720P av01.0.00M.10.0.110.01.01.01.0 (dash-flv720-AV1)",
            "清晰 480P hev1.1.6.L120.90 (dash-flv480-HEVC)",
            "清晰 480P av01.0.00M.10.0.110.01.01.01.0 (dash-flv480-AV1)",
            "流畅 360P avc1.640033 (dash-flv360-AVC)",
            "流畅 360P hev1.1.6.L120.90 (dash-flv360-HEVC)",
            "流畅 360P av01.0.00M.10.0.110.01.01.01.0 (dash-flv360-AV1)"
        ],
        "time": 1744014320.8447945
    },
    "BV1uD421T7bx": {
        "formats": [
            "高清 1080P avc1.640032 (dash-flv-AVC)",
            "高清 720P avc1.640028 (dash-flv720-AVC)",
            "高清 1080P av01.0.00M.10.0.110.01.01.01.0 (dash-flv-AV1)",
            "高清 1080P hev1.1.6.L120.90 (dash-flv-HEVC)",
            "清晰 480P avc1.64001F (dash-flv480-AVC)",
            "高清 720P av01.0.00M.10.0.110.01.01.01.0 (dash-flv720-AV1)",
            "高清 720P hev1.1.6.L120.90 (dash-flv720-HEVC)",
            "清晰 480P av01.0.00M.10.0.110.01.01.01.0 (dash-flv480-AV1)",
            "清晰 480P hev1.1.6.L120.90 (dash-flv480-HEVC)",
            "流畅 360P avc1.64001E (dash-flv360-AVC)",
            "流畅 360P av01.0.00M.10.0.110.01.01.01.0 (dash-flv360-AV1)",
            "流畅 360P hev1.1.6.L120.90 (dash-flv360-HEVC)"
        ],
        "time": 1744014323.6167912
    },
    "BV11u4y1B71e": {
        "formats": [
            "高清 1080P avc1.640032 (dash-flv-AVC)",
            "高清 720P avc1.640028 (dash-flv720-AVC)",
            "高清 1080P av01.0.08M.08.0.110.01.01.01.0 (dash-flv-AV1)",
            "高清 1080P hev1.1.6.L150.90 (dash-flv-HEVC)",
            "清晰 480P avc1.64001F (dash-flv480-AVC)",
            "高清 720P hev1.1.6.L120.90 (dash-flv720-HEVC)",
            "高清 720P av01.0.08M.08.0.110.01.01.01.0 (dash-flv720-AV1)",
            "清晰 480P hev1.1.6.L120.90 (dash-flv480-HEVC)",
            "流畅 360P avc1.64001E (dash-flv360-AVC)",
            "清晰 480P av01.0.08M.08.0.110.01.01.01.0 (dash-flv480-AV1)",
            "流畅 360P hev1.1.6.L120.90 (dash-flv360-HEVC)",
            "流畅 360P av01.0.08M.08.0.110.01.01.01.0 (dash-flv360-AV1)"
        ],
        "time": 1744014327.2059627
    },
    "BV1YicBedEw1": {
        "formats": [
            "高清 1080P avc1.640032 (dash-flv-AVC)",
            "高清 1080P hev1.1.6.L150.90 (dash-flv-HEVC)",
            "高清 1080P av01.0.00M.10.0.110.01.01.01.0 (dash-flv-AV1)",
            "高清 720P avc1.640028 (dash-flv720-AVC)",
            "高清 720P hev1.1.6.L120.90 (dash-flv720-HEVC)",
            "高清 720P av01.0.00M.10.0.110.01.01.01.0 (dash-flv720-AV1)",
            "清晰 480P avc1.64001F (dash-flv480-AVC)",
            "清晰 480P hev1.1.6.L120.90 (dash-flv480-HEVC)",
            "清晰 480P av01.0.00M.10.0.110.01.01.01.0 (dash-flv480-AV1)",
            "流畅 360P avc1.64001E (dash-flv360-AVC)",
            "流畅 360P hev1.1.6.L120.90 (dash-flv360-HEVC)",
            "流畅 360P av01.0.00M.10.0.110.01.01.01.0 (dash-flv360-AV1)"
        ],
        "time": 1744014439.9848368
    },
    "BV1FAwweqEDX": {
        "formats": [
            "高清 1080P avc1.640032 (dash-flv-AVC)",
            "高清 720P avc1.640028 (dash-flv720-AVC)",
            "高清 1080P hev1.1.6.L150.90 (dash-flv-HEVC)",
            "高清 1080P av01.0.00M.10.0.110.01.01.01.0 (dash-flv-AV1)",
            "清晰 480P avc1.64001F (dash-flv480-AVC)",
            "高清 720P hev1.1.6.L120.90 (dash-flv720-HEVC)",
            "高清 720P av01.0.00M.10.0.110.01.01.01.0 (dash-flv720-AV1)",
            "清晰 480P hev1.1.6.L120.90 (dash-flv480-HEVC)",
            "清晰 480P av01.0.00M.10.0.110.01.01.01.0 (dash-flv480-AV1)",
            "流畅 360P avc1.64001E (dash-flv360-AVC)",
            "流畅 360P av01.0.00M.10.0.110.01.01.01.0 (dash-flv360-AV1)",
            "流畅 360P hev1.1.6.L120.90 (dash-flv360-HEVC)"
        ],
        "time": 1744014440.1232593
    },
    "BV117wUekEcW": {
        "formats": [
            "高清 1080P avc1.640032 (dash-flv-AVC)",
            "高清 720P avc1.640028 (dash-flv720-AVC)",
            "高清 1080P hev1.1.6.L150.90 (dash-flv-HEVC)",
            "高清 1080P av01.0.00M.10.0.110.01.01.01.0 (dash-flv-AV1)",
            "清晰 480P avc1.64001F (dash-flv480-AVC)",
            "高清 720P hev1.1.6.L120.90 (dash-flv720-HEVC)",
            "高清 720P av01.0.00M.10.0.110.01.01.01.0 (dash-flv720-AV1)",
            "清晰 480P hev1.1.6.L120.90 (dash-flv480-HEVC)",
            "清晰 480P av01.0.00M.10.0.110.01.01.01.0 (dash-flv480-AV1)",
            "流畅 360P avc1.64001E (dash-flv360-AVC)",
            "流畅 360P av01.0.00M.10.0.110.01.01.01.0 (dash-flv360-AV1)",
            "流畅 360P hev1.1.6.L120.90 (dash-flv360-HEVC)"
        ],
        "time": 1744014454.749022
    }
}